Name,Species,Type 1,Type 2,Total,HP,Attack,Defense,Sp. Atk,Sp. Def,Speed,Preference
Bulbasaur,1,Grass,Poison,318,45,49,49,65,65,45,1333.0474
Ivysaur,2,Grass,Poison,405,60,62,63,80,80,60,837.3026
Venusaur,3,Grass,Poison,525,80,82,83,100,100,80,1135.742
Mega Venusaur,4,Grass,Poison,625,80,100,123,122,120,80,10.9451
Charmander,5,Fire,,309,39,52,43,60,50,65,1302.7613
Charmeleon,6,Fire,,405,58,64,58,80,65,80,334.1343
Charizard,7,Fire,Flying,534,78,84,78,109,85,100,2037.0745
Mega Charizard X,8,Fire,Dragon,634,78,130,111,130,85,100,53.7966
Mega Charizard Y,9,Fire,Flying,634,78,104,78,159,115,100,-3.0881
Squirtle,10,Water,,314,44,48,65,50,64,43,2627.9743
Wartortle,11,Water,,405,59,63,80,65,80,58,621.4704
Blastoise,12,Water,,530,79,83,100,85,105,78,1232.1068
Mega Blastoise,13,Water,,630,79,103,120,135,115,78,16.561
Caterpie,14,Bug,,195,45,30,35,20,20,45,441.5404
Metapod,15,Bug,,205,50,20,55,25,25,30,133.4858
Butterfree,16,Bug,Flying,395,60,45,50,90,80,70,932.4603
Weedle,17,Bug,Poison,195,40,35,30,20,20,50,294.4481
Kakuna,18,Bug,Poison,205,45,25,50,25,25,35,17.3394
Beedrill,19,Bug,Poison,395,65,90,40,45,80,75,8.6566
Mega Beedrill,20,Bug,Poison,495,65,150,40,15,80,145,12.5296
Pidgey,21,Normal,Flying,251,40,45,40,35,35,56,224.902
Pidgeotto,22,Normal,Flying,349,63,60,55,50,50,71,314.5851
Pidgeot,23,Normal,Flying,479,83,80,75,70,70,101,538.3358
Mega Pidgeot,24,Normal,Flying,579,83,80,80,135,80,121,9.4577
Rattata,25,Normal,,253,30,56,35,25,35,72,593.7566
Raticate,26,Normal,,413,55,81,60,50,70,97,284.7418
Spearow,27,Normal,Flying,262,40,60,30,31,31,70,182.9899
Fearow,28,Normal,Flying,442,65,90,65,61,61,100,92.2895
Ekans,29,Poison,,288,35,60,44,40,54,55,361.0112
Arbok,30,Poison,,438,60,85,69,65,79,80,61.1742
Pikachu,31,Electric,,320,35,55,40,50,50,90,2880.9921
Raichu,32,Electric,,485,60,90,55,90,80,110,2116.8247
Sandshrew,33,Ground,,300,50,75,85,20,30,40,586.2924
Sandslash,34,Ground,,450,75,100,110,45,55,65,225.8254
Nidoran♀,35,Poison,,275,55,47,52,40,40,41,181.2345
Nidorina,36,Poison,,365,70,62,67,55,55,56,88.389
Nidoqueen,37,Poison,Ground,505,90,92,87,75,85,76,259.1933
Nidoran♂,38,Poison,,273,46,57,40,40,40,50,181.2345
Nidorino,39,Poison,,365,61,72,57,55,55,65,41.8668
Nidoking,40,Poison,Ground,505,81,102,77,85,75,85,196.4786
Clefairy,41,Fairy,,323,70,45,48,60,65,35,679.3915
Clefable,42,Fairy,,483,95,70,73,95,90,60,125.9778
Vulpix,43,Fire,,299,38,41,40,50,65,65,2602.2747
Ninetales,44,Fire,,505,73,76,75,81,100,100,493.5158
Jigglypuff,45,Normal,Fairy,270,115,45,20,45,25,20,640.6408
Wigglytuff,46,Normal,Fairy,435,140,70,45,85,50,45,382.1307
Zubat,47,Poison,Flying,245,40,45,35,30,40,55,139.8679
Golbat,48,Poison,Flying,455,75,80,70,65,75,90,119.7566
Oddish,49,Grass,Poison,320,45,50,55,75,65,30,111.3826
Gloom,50,Grass,Poison,395,60,65,70,85,75,40,-3972.0318
Vileplume,51,Grass,Poison,490,75,80,85,110,90,50,89.5544
Paras,52,Bug,Grass,285,35,70,55,45,55,25,1338.6471
Parasect,53,Bug,Grass,405,60,95,80,60,80,30,38.8969
Venonat,54,Bug,Poison,305,60,55,50,40,55,45,604.087
Venomoth,55,Bug,Poison,450,70,65,60,90,75,90,90.1943
Diglett,56,Ground,,265,10,55,25,35,45,95,262.8991
Dugtrio,57,Ground,,405,35,80,50,50,70,120,251.5939
Meowth,58,Normal,,290,40,45,35,40,40,90,1772.5411
Persian,59,Normal,,440,65,70,60,65,65,115,2976.8672
Psyduck,60,Water,,320,50,52,48,65,50,55,1565.635
Golduck,61,Water,,500,80,82,78,95,80,85,718.2399
Mankey,62,Fighting,,305,40,80,35,35,45,70,-281.8531
Primeape,63,Fighting,,455,65,105,60,60,70,95,67.01
Growlithe,64,Fire,,350,55,70,45,70,50,60,1077.2991
Arcanine,65,Fire,,555,90,110,80,100,80,95,1183.11
Poliwag,66,Water,,300,40,50,40,40,40,90,339.279
Poliwhirl,67,Water,,385,65,65,65,50,50,90,281.6613
Poliwrath,68,Water,Fighting,510,90,95,95,70,90,70,355.2208
Abra,69,Psychic,,310,25,20,15,105,55,90,1812.0732
Kadabra,70,Psychic,,400,40,35,30,120,70,105,579.4692
Alakazam,71,Psychic,,500,55,50,45,135,95,120,813.2529
Mega Alakazam,72,Psychic,,590,55,50,65,175,95,150,2.7585
Machop,73,Fighting,,305,70,80,50,35,35,35,390.0698
Machoke,74,Fighting,,405,80,100,70,50,60,45,338.1303
Machamp,75,Fighting,,505,90,130,80,65,85,55,544.3205
Bellsprout,76,Grass,Poison,300,50,75,35,70,30,40,264.413
Weepinbell,77,Grass,Poison,390,65,90,50,85,45,55,-208.9093
Victreebel,78,Grass,Poison,490,80,105,65,100,70,70,72.1663
Tentacool,79,Water,Poison,335,40,40,35,50,100,70,54.1898
Tentacruel,80,Water,Poison,515,80,70,65,80,120,100,-31.3874
Geodude,81,Rock,Ground,300,40,80,100,30,30,20,399.36
Graveler,82,Rock,Ground,390,55,95,115,45,45,35,159.1269
Golem,83,Rock,Ground,495,80,120,130,55,65,45,1857.4304
Ponyta,84,Fire,,410,50,85,55,65,65,90,1205.9764
Rapidash,85,Fire,,500,65,100,70,80,80,105,427.2867
Slowpoke,86,Water,Psychic,315,90,65,65,40,40,15,644.4695
Slowbro,87,Water,Psychic,490,95,75,110,100,80,30,449.1891
Mega Slowbro,88,Water,Psychic,590,95,75,180,130,80,30,4.7057
Magnemite,89,Electric,Steel,325,25,35,70,95,55,45,415.5502
Magneton,90,Electric,Steel,465,50,60,95,120,70,70,174.1071
Farfetch'd,91,Normal,Flying,352,52,65,55,58,62,60,1557.4288
Doduo,92,Normal,Flying,310,35,85,45,35,35,75,207.2096
Dodrio,93,Normal,Flying,460,60,110,70,60,60,100,-96.2829
Seel,94,Water,,325,65,45,55,45,70,45,584.0006
Dewgong,95,Water,Ice,475,90,70,80,70,95,70,176.2545
Grimer,96,Poison,,325,80,80,50,40,50,25,-2395.6624
Muk,97,Poison,,500,105,105,75,65,100,50,1198.7509
Shellder,98,Water,,305,30,65,100,45,25,40,221.0944
Cloyster,99,Water,Ice,525,50,95,180,85,45,70,124.6121
Gastly,100,Ghost,Poison,310,30,35,30,100,35,80,272.2635
Haunter,101,Ghost,Poison,405,45,50,45,115,55,95,691.091
Gengar,102,Ghost,Poison,500,60,65,60,130,75,110,2724.5555
Mega Gengar,103,Ghost,Poison,600,60,65,80,170,95,130,24.2272
Onix,104,Rock,Ground,385,35,45,160,30,45,70,986.7059
Drowzee,105,Psychic,,328,60,48,45,43,90,42,373.6507
Hypno,106,Psychic,,483,85,73,70,73,115,67,2300.3652
Krabby,107,Water,,325,30,105,90,25,25,50,351.8094
Kingler,108,Water,,475,55,130,115,50,50,75,206.0824
Voltorb,109,Electric,,330,40,30,50,55,55,100,428.0948
Electrode,110,Electric,,480,60,50,70,80,80,140,819.9317
Exeggcute,111,Grass,Psychic,325,60,40,80,60,45,40,188.8439
Exeggutor,112,Grass,Psychic,520,95,95,85,125,65,55,398.9042
Cubone,113,Ground,,320,50,50,95,40,50,35,1036.5648
Marowak,114,Ground,,425,60,80,110,50,80,45,632.5443
Hitmonlee,115,Fighting,,455,50,120,53,35,110,87,15.3562
Hitmonchan,116,Fighting,,455,50,105,79,35,110,76,147.3966
Lickitung,117,Normal,,385,90,55,75,60,75,30,417.2228
Koffing,118,Poison,,340,40,65,95,60,45,35,270.1284
Weezing,119,Poison,,490,65,90,120,85,70,60,181.7358
Rhyhorn,120,Ground,Rock,345,80,85,95,30,30,25,218.0954
Rhydon,121,Ground,Rock,485,105,130,120,45,45,40,283.9878
Chansey,122,Normal,,450,250,5,5,35,105,50,1305.8782
Tangela,123,Grass,,435,65,55,115,100,40,60,2954.6658
Kangaskhan,124,Normal,,490,105,95,80,40,80,90,672.5977
Mega Kangaskhan,125,Normal,,590,105,125,100,60,100,100,8.433
Horsea,126,Water,,295,30,40,70,70,25,60,347.4493
Seadra,127,Water,,440,55,65,95,95,45,85,139.6413
Goldeen,128,Water,,320,45,67,60,35,50,63,299.3622
Seaking,129,Water,,450,80,92,65,65,80,68,1073.598
Staryu,130,Water,,340,30,45,55,70,55,85,371.7951
Starmie,131,Water,Psychic,520,60,75,85,100,85,115,286.8993
Mr. Mime,132,Psychic,Fairy,460,40,45,65,100,120,90,62.678
Scyther,133,Bug,Flying,500,70,110,80,55,80,105,79.0209
Jynx,134,Ice,Psychic,455,65,50,35,115,95,95,435.5358
Electabuzz,135,Electric,,490,65,83,57,95,85,105,355.5725
Magmar,136,Fire,,495,65,95,57,100,85,93,340.4168
Pinsir,137,Bug,,500,65,125,100,55,70,85,297.9398
Mega Pinsir,138,Bug,Flying,600,65,155,120,65,90,105,0.1254
Tauros,139,Normal,,490,75,100,95,40,70,110,785.5243
Magikarp,140,Water,,200,20,10,55,15,20,80,1732.183
Gyarados,141,Water,Flying,540,95,125,79,60,100,81,807.1805
Mega Gyarados,142,Water,Dark,640,95,155,109,70,130,81,9.7823
Lapras,143,Water,Ice,535,130,85,80,85,95,60,1184.2514
Ditto,144,Normal,,288,48,48,48,48,48,48,1314.1267
Eevee,145,Normal,,325,55,55,50,45,65,55,2033.2878
Vaporeon,146,Water,,525,130,65,60,110,95,65,2938.3349
Jolteon,147,Electric,,525,65,65,60,110,95,130,3059.5214
Flareon,148,Fire,,525,65,130,60,95,110,65,2769.3631
Porygon,149,Normal,,395,65,60,70,85,75,40,794.5046
Omanyte,150,Rock,Water,355,35,40,100,90,55,35,-279.2719
Omastar,151,Rock,Water,495,70,60,125,115,70,55,106.4248
Kabuto,152,Rock,Water,355,30,80,90,55,45,55,912.9836
Kabutops,153,Rock,Water,495,60,115,105,65,70,80,117.0489
Aerodactyl,154,Rock,Flying,515,80,105,65,60,75,130,471.9366
Mega Aerodactyl,155,Rock,Flying,615,80,135,85,70,95,150,4.9943
Snorlax,156,Normal,,540,160,110,65,65,110,30,2610.6254
Articuno,157,Ice,Flying,580,90,85,100,95,125,85,1772.9542
Zapdos,158,Electric,Flying,580,90,90,85,125,90,100,1602.9357
Moltres,159,Fire,Flying,580,90,100,90,125,85,90,1224.2586
Dratini,160,Dragon,,300,41,64,45,50,50,50,951.9095
Dragonair,161,Dragon,,420,61,84,65,70,70,70,809.2898
Dragonite,162,Dragon,Flying,600,91,134,95,100,100,80,2151.9934
Mewtwo,163,Psychic,,680,106,110,90,154,90,130,3098.7284
Mega Mewtwo X,164,Psychic,Fighting,780,106,190,100,154,100,130,1.7855
Mega Mewtwo Y,165,Psychic,,780,106,150,70,194,120,140,2.7521
Mew,166,Psychic,,600,100,100,100,100,100,100,4219.2887
Chikorita,167,Grass,,318,45,49,65,49,65,45,990.1532
Bayleef,168,Grass,,405,60,62,80,63,80,60,162.6559
Meganium,169,Grass,,525,80,82,100,83,100,80,195.4268
Cyndaquil,170,Fire,,309,39,52,43,60,50,65,1008.5623
Quilava,171,Fire,,405,58,64,58,80,65,80,170.4033
Typhlosion,172,Fire,,534,78,84,78,109,85,100,474.7541
Totodile,173,Water,,314,50,65,64,44,48,43,1016.8163
Croconaw,174,Water,,405,65,80,80,59,63,58,107.0496
Feraligatr,175,Water,,530,85,105,100,79,83,78,272.8333
Sentret,176,Normal,,215,35,46,34,35,45,20,250.6013
Furret,177,Normal,,415,85,76,64,45,55,90,464.7712
Hoothoot,178,Normal,Flying,262,60,30,30,36,56,50,1486.2366
Noctowl,179,Normal,Flying,442,100,50,50,76,96,70,-41.2578
Ledyba,180,Bug,Flying,265,40,20,30,40,80,55,1504.1476
Ledian,181,Bug,Flying,390,55,35,50,55,110,85,-337.3189
Spinarak,182,Bug,Poison,250,40,60,40,40,40,30,148.1153
Ariados,183,Bug,Poison,390,70,90,70,60,60,40,74.7913
Crobat,184,Poison,Flying,535,85,90,80,70,80,130,240.3593
Chinchou,185,Water,Electric,330,75,38,38,56,56,67,153.0487
Lanturn,186,Water,Electric,460,125,58,58,76,76,67,214.4449
Pichu,187,Electric,,205,20,40,15,35,35,60,2273.3423
Cleffa,188,Fairy,,218,50,25,28,45,55,15,257.3184
Igglybuff,189,Normal,Fairy,210,90,30,15,40,20,15,190.2853
Togepi,190,Fairy,,245,35,20,65,40,65,20,1770.6396
Togetic,191,Fairy,Flying,405,55,40,85,80,105,40,394.4309
Natu,192,Psychic,Flying,320,40,50,45,70,45,70,1797.7716
Xatu,193,Psychic,Flying,470,65,75,70,95,70,95,89.8366
Mareep,194,Electric,,280,55,40,40,65,45,35,705.9752
Flaaffy,195,Electric,,365,70,55,55,80,60,45,156.022
Ampharos,196,Electric,,510,90,75,85,115,90,55,590.7416
Mega Ampharos,197,Electric,Dragon,610,90,95,105,165,110,45,12.4915
Bellossom,198,Grass,,490,75,80,95,90,100,50,161.547
Marill,199,Water,Fairy,250,70,20,50,20,50,40,389.2212
Azumarill,200,Water,Fairy,420,100,50,80,60,80,50,302.7187
Sudowoodo,201,Rock,,410,70,100,115,30,65,30,244.1171
Politoed,202,Water,,500,90,75,75,90,100,70,187.7252
Hoppip,203,Grass,Flying,250,35,35,40,35,55,50,211.7686
Skiploom,204,Grass,Flying,340,55,45,50,45,65,80,88.4174
Jumpluff,205,Grass,Flying,460,75,55,70,55,95,110,107.8756
Aipom,206,Normal,,360,55,70,55,40,55,85,326.7944
Sunkern,207,Grass,,180,30,30,30,30,30,30,-37.1714
Sunflora,208,Grass,,425,75,75,55,105,85,30,130.5486
Yanma,209,Bug,Flying,390,65,65,45,75,45,95,31.027
Wooper,210,Water,Ground,210,55,45,45,25,25,15,804.5896
Quagsire,211,Water,Ground,430,95,85,85,65,65,35,23.3157
Espeon,212,Psychic,,525,65,65,60,130,95,110,4134.2824
Umbreon,213,Dark,,525,95,65,110,60,130,65,3380.0053
Murkrow,214,Dark,Flying,405,60,85,42,85,42,91,376.635
Slowking,215,Water,Psychic,490,95,75,80,100,110,30,170.8426
Misdreavus,216,Ghost,,435,60,60,60,85,85,85,159.0724
Unown,217,Psychic,,336,48,72,48,72,48,48,1272.7541
Wobbuffet,218,Psychic,,405,190,33,58,33,58,33,371.6227
Girafarig,219,Normal,Psychic,455,70,80,65,90,65,85,82.0301
Pineco,220,Bug,,290,50,65,90,35,35,15,190.6121
Forretress,221,Bug,Steel,465,75,90,140,60,60,40,-159.6262
Dunsparce,222,Normal,,415,100,70,70,65,65,45,313.0721
Gligar,223,Ground,Flying,430,65,75,105,35,65,85,61.3781
Steelix,224,Steel,Ground,510,75,85,200,55,65,30,196.9551
Mega Steelix,225,Steel,Ground,610,75,125,230,55,95,30,2.431
Snubbull,226,Fairy,,300,60,80,50,40,40,30,294.5366
Granbull,227,Fairy,,450,90,120,75,60,60,45,88.5873
Qwilfish,228,Water,Poison,430,65,95,75,55,55,85,-2.2472
Scizor,229,Bug,Steel,500,70,130,100,55,80,65,390.353
Mega Scizor,230,Bug,Steel,600,70,150,140,65,100,75,4.3017
Shuckle,231,Bug,Rock,505,20,10,230,10,230,5,308.8399
Heracross,232,Bug,Fighting,500,80,125,75,40,95,85,743.5571
Mega Heracross,233,Bug,Fighting,600,80,185,115,40,105,75,-0.4925
Sneasel,234,Dark,Ice,430,55,95,55,35,75,115,519.9404
Teddiursa,235,Normal,,330,60,80,50,50,50,40,351.4675
Ursaring,236,Normal,,500,90,130,75,75,75,55,101.6662
Slugma,237,Fire,,250,40,40,40,70,40,20,117.2272
Magcargo,238,Fire,Rock,410,50,50,120,80,80,30,46.3037
Swinub,239,Ice,Ground,250,50,50,40,30,30,50,329.2642
Piloswine,240,Ice,Ground,450,100,100,80,60,60,50,84.17
Corsola,241,Water,Rock,380,55,55,85,65,85,35,303.0693
Remoraid,242,Water,,300,35,65,35,65,35,65,55.2694
Octillery,243,Water,,480,75,105,75,105,75,45,56.8244
Delibird,244,Ice,Flying,330,45,55,45,65,45,75,514.7039
Mantine,245,Water,Flying,465,65,40,70,80,140,70,76.5336
Skarmory,246,Steel,Flying,465,65,80,140,40,70,70,238.3342
Houndour,247,Dark,Fire,330,45,60,30,80,50,65,176.805
Houndoom,248,Dark,Fire,500,75,90,50,110,80,95,998.2802
Mega Houndoom,249,Dark,Fire,600,75,90,90,140,90,115,15.2339
Kingdra,250,Water,Dragon,540,75,95,95,95,95,85,176.1754
Phanpy,251,Ground,,330,90,60,60,40,40,40,147.2912
Donphan,252,Ground,,500,90,120,120,60,60,50,68.504
Porygon2,253,Normal,,515,85,80,90,105,95,60,124.4796
Stantler,254,Normal,,465,73,95,62,85,65,85,179.9474
Smeargle,255,Normal,,250,55,20,35,20,45,75,682.247
Tyrogue,256,Fighting,,210,35,35,35,35,35,35,84.2961
Hitmontop,257,Fighting,,455,50,95,95,35,110,70,90.4067
Smoochum,258,Ice,Psychic,305,45,30,15,85,65,65,168.1885
Elekid,259,Electric,,360,45,63,37,65,55,95,186.7854
Magby,260,Fire,,365,45,75,37,70,55,83,156.621
Miltank,261,Normal,,490,95,80,105,40,70,100,229.2738
Blissey,262,Normal,,540,255,10,10,75,135,55,419.4905
Raikou,263,Electric,,580,90,85,75,115,100,115,1209.292
Entei,264,Fire,,580,115,115,85,90,75,100,1123.032
Suicune,265,Water,,580,100,75,115,90,115,85,1228.9518
Larvitar,266,Rock,Ground,300,50,64,50,45,50,41,628.4271
Pupitar,267,Rock,Ground,410,70,84,70,65,70,51,55.3125
Tyranitar,268,Rock,Dark,600,100,134,110,95,100,61,708.4715
Mega Tyranitar,269,Rock,Dark,700,100,164,150,95,120,71,3.1054
Lugia,270,Psychic,Flying,680,106,90,130,90,154,110,2586.5147
Ho-oh,271,Fire,Flying,680,106,130,90,110,154,90,1318.1638
Celebi,272,Psychic,Grass,600,100,100,100,100,100,100,1647.1388
Treecko,273,Grass,,310,40,45,35,65,55,70,648.9595
Grovyle,274,Grass,,405,50,65,45,85,65,95,165.6719
Sceptile,275,Grass,,530,70,85,65,105,85,120,345.1827
Mega Sceptile,276,Grass,Dragon,630,70,110,75,145,85,145,3.7189
Torchic,277,Fire,,310,45,60,40,70,50,45,1149.2028
Combusken,278,Fire,Fighting,405,60,85,60,85,60,55,51.4038
Blaziken,279,Fire,Fighting,530,80,120,70,110,70,80,458.2044
Mega Blaziken,280,Fire,Fighting,630,80,160,80,130,80,100,3.3109
Mudkip,281,Water,,310,50,70,50,50,50,40,1674.0891
Marshtomp,282,Water,Ground,405,70,85,70,60,70,50,84.0729
Swampert,283,Water,Ground,535,100,110,90,85,90,60,334.0002
Mega Swampert,284,Water,Ground,635,100,150,110,95,110,70,1.3751
Poochyena,285,Dark,,220,35,55,35,30,30,35,669.9744
Mightyena,286,Dark,,420,70,90,70,60,60,70,326.1208
Zigzagoon,287,Normal,,240,38,30,41,30,41,60,666.2343
Linoone,288,Normal,,420,78,70,61,50,61,100,26.9217
Wurmple,289,Bug,,195,45,45,35,20,30,20,291.438
Silcoon,290,Bug,,205,50,35,55,25,25,15,34.4809
Beautifly,291,Bug,Flying,395,60,70,50,100,50,65,232.8929
Cascoon,292,Bug,,205,50,35,55,25,25,15,29.6991
Dustox,293,Bug,Poison,385,60,50,70,50,90,65,39.0572
Lotad,294,Water,Grass,220,40,30,30,40,50,30,270.9024
Lombre,295,Water,Grass,340,60,50,50,60,70,50,60.9
Ludicolo,296,Water,Grass,480,80,70,70,90,100,70,181.0839
Seedot,297,Grass,,220,40,40,50,30,30,30,303.4562
Nuzleaf,298,Grass,Dark,340,70,70,40,60,40,60,50.0306
Shiftry,299,Grass,Dark,480,90,100,60,90,60,80,67.7375
Taillow,300,Normal,Flying,270,40,55,30,30,30,85,156.0416
Swellow,301,Normal,Flying,430,60,85,60,50,50,125,51.5784
Wingull,302,Water,Flying,270,40,30,30,55,30,85,179.3539
Pelipper,303,Water,Flying,430,60,50,100,85,70,65,55.5207
Ralts,304,Psychic,Fairy,198,28,25,25,45,35,40,511.1941
Kirlia,305,Psychic,Fairy,278,38,35,35,65,55,50,317.0849
Gardevoir,306,Psychic,Fairy,518,68,65,65,125,115,80,1718.8773
Mega Gardevoir,307,Psychic,Fairy,618,68,85,65,165,135,100,10.823
Surskit,308,Bug,Water,269,40,30,32,50,52,65,66.9025
Masquerain,309,Bug,Flying,414,70,60,62,80,82,60,37.7976
Shroomish,310,Grass,,295,60,40,60,40,60,35,276.4374
Breloom,311,Grass,Fighting,460,60,130,80,60,60,70,144.6911
Slakoth,312,Normal,,280,60,60,60,35,35,30,215.0406
Vigoroth,313,Normal,,440,80,80,80,55,55,90,43.8175
Slaking,314,Normal,,670,150,160,100,95,65,100,170.0603
Nincada,315,Bug,Ground,266,31,45,90,30,30,40,144.1808
Ninjask,316,Bug,Flying,456,61,90,45,50,50,160,56.6083
Shedinja,317,Bug,Ghost,236,1,90,45,30,30,40,121.8555
Whismur,318,Normal,,240,64,51,23,51,23,28,109.3621
Loudred,319,Normal,,360,84,71,43,71,43,48,48.9902
Exploud,320,Normal,,490,104,91,63,91,73,68,31.4813
Makuhita,321,Fighting,,237,72,60,30,20,30,25,123.2732
Hariyama,322,Fighting,,474,144,120,60,40,60,50,58.2667
Azurill,323,Normal,Fairy,190,50,20,40,20,40,20,165.3242
Nosepass,324,Rock,,375,30,45,135,45,90,30,113.2743
Skitty,325,Normal,,260,50,45,45,35,35,50,678.1934
Delcatty,326,Normal,,380,70,65,65,55,55,70,98.3415
Sableye,327,Dark,Ghost,380,50,75,75,65,65,50,519.4978
Mega Sableye,328,Dark,Ghost,480,50,85,125,85,115,20,4.9214
Mawile,329,Steel,Fairy,380,50,85,85,55,55,50,413.2512
Mega Mawile,330,Steel,Fairy,480,50,105,125,55,95,50,3.2185
Aron,331,Steel,Rock,330,50,70,100,40,40,30,1683.9023
Lairon,332,Steel,Rock,430,60,90,140,50,50,40,45.9192
Aggron,333,Steel,Rock,530,70,110,180,60,60,50,201.3764
Mega Aggron,334,Steel,,630,70,140,230,60,80,50,4.4136
Meditite,335,Fighting,Psychic,280,30,40,55,40,55,60,142.8426
Medicham,336,Fighting,Psychic,410,60,60,75,60,75,80,125.8428
Mega Medicham,337,Fighting,Psychic,510,60,100,85,80,85,100,0.7885
Electrike,338,Electric,,295,40,45,40,65,40,65,118.126
Manectric,339,Electric,,475,70,75,60,105,60,105,99.0745
Mega Manectric,340,Electric,,575,70,75,80,135,80,135,2.8262
Plusle,341,Electric,,405,60,50,40,85,75,95,346.8395
Minun,342,Electric,,405,60,40,50,75,85,95,497.6249
Volbeat,343,Bug,,400,65,73,55,47,75,85,2165.4538
Illumise,344,Bug,,400,65,47,55,73,75,85,122.2679
Roselia,345,Grass,Poison,400,50,60,45,100,80,65,2443.2801
Gulpin,346,Poison,,302,70,43,53,43,53,40,77.5025
Swalot,347,Poison,,467,100,73,83,73,83,55,28.5608
Carvanha,348,Water,Dark,305,45,90,20,65,20,65,117.9574
Sharpedo,349,Water,Dark,460,70,120,40,95,40,95,123.3749
Mega Sharpedo,350,Water,Dark,560,70,140,70,110,65,105,2.338
Wailmer,351,Water,,400,130,70,35,70,35,60,280.9867
Wailord,352,Water,,500,170,90,45,90,45,60,246.333
Numel,353,Fire,Ground,305,60,60,40,65,45,35,83.8989
Camerupt,354,Fire,Ground,460,70,100,70,105,75,40,81.4084
Mega Camerupt,355,Fire,Ground,560,70,120,100,145,105,20,2.3502
Torkoal,356,Fire,,470,70,85,140,85,70,20,151.9224
Spoink,357,Psychic,,330,60,25,35,70,80,60,212.5781
Grumpig,358,Psychic,,470,80,45,65,90,110,80,48.8998
Spinda,359,Normal,,360,60,60,60,60,60,60,619.8276
Trapinch,360,Ground,,290,45,100,45,45,45,10,259.8578
Vibrava,361,Ground,Dragon,340,50,70,50,50,50,70,42.8747
Flygon,362,Ground,Dragon,520,80,100,80,80,80,100,424.9808
Cacnea,363,Grass,,335,50,85,40,85,40,35,49.8626
Cacturne,364,Grass,Dark,475,70,115,60,115,60,55,167.03
Swablu,365,Normal,Flying,310,45,40,60,40,75,50,474.935
Altaria,366,Dragon,Flying,490,75,70,90,70,105,80,352.0777
Mega Altaria,367,Dragon,Fairy,590,75,110,110,110,105,80,2.7957
Zangoose,368,Normal,,458,73,115,60,60,60,90,253.2635
Seviper,369,Poison,,458,73,100,60,100,60,65,148.626
Lunatone,370,Rock,Psychic,440,70,55,65,95,85,70,191.668
Solrock,371,Rock,Psychic,440,70,95,85,55,65,70,194.2484
Barboach,372,Water,Ground,288,50,48,43,46,41,60,102.9131
Whiscash,373,Water,Ground,468,110,78,73,76,71,60,43.4219
Corphish,374,Water,,308,43,80,65,50,35,35,52.3061
Crawdaunt,375,Water,Dark,468,63,120,85,90,55,55,38.9233
Baltoy,376,Ground,Psychic,300,40,40,55,40,70,55,114.5426
Claydol,377,Ground,Psychic,500,60,70,105,70,120,75,60.6153
Lileep,378,Rock,Grass,355,66,41,77,61,87,23,99.4727
Cradily,379,Rock,Grass,495,86,81,97,81,107,43,49.3588
Anorith,380,Rock,Bug,355,45,95,50,40,50,75,81.7898
Armaldo,381,Rock,Bug,495,75,125,100,70,80,45,51.8923
Feebas,382,Water,,200,20,15,20,10,55,80,355.0736
Milotic,383,Water,,540,95,60,79,100,125,81,530.0578
Castform,384,Normal,,420,70,70,70,70,70,70,332.5263
Kecleon,385,Normal,,440,60,90,70,60,120,40,80.4239
Shuppet,386,Ghost,,295,44,75,35,63,33,45,198.1179
Banette,387,Ghost,,455,64,115,65,83,63,65,219.9884
Mega Banette,388,Ghost,,555,64,165,75,93,83,75,2.3538
Duskull,389,Ghost,,295,20,40,90,30,90,25,353.4606
Dusclops,390,Ghost,,455,40,70,130,60,130,25,38.3601
Tropius,391,Grass,Flying,460,99,68,83,72,87,51,183.5026
Chimecho,392,Psychic,,425,65,50,70,95,80,65,112.1455
Absol,393,Dark,,465,65,130,60,75,60,75,1265.6378
Mega Absol,394,Dark,,565,65,150,60,115,60,115,13.8517
Wynaut,395,Psychic,,260,95,23,48,23,48,23,175.7793
Snorunt,396,Ice,,300,50,50,50,50,50,50,207.2786
Glalie,397,Ice,,480,80,80,80,80,80,80,59.1204
Mega Glalie,398,Ice,,580,80,120,80,120,80,100,2.6006
Spheal,399,Ice,Water,290,70,40,50,55,50,25,625.509
Sealeo,400,Ice,Water,410,90,60,70,75,70,45,47.865
Walrein,401,Ice,Water,530,110,80,90,95,90,65,93.0155
Clamperl,402,Water,,345,35,64,85,74,55,32,213.969
Huntail,403,Water,,485,55,104,105,94,75,52,50.7785
Gorebyss,404,Water,,485,55,84,105,114,75,52,50.727
Relicanth,405,Water,Rock,485,100,90,130,45,65,55,92.8365
Luvdisc,406,Water,,330,43,30,55,40,65,97,376.1906
Bagon,407,Dragon,,300,45,75,60,40,30,50,478.5292
Shelgon,408,Dragon,,420,65,95,100,60,50,50,35.0886
Salamence,409,Dragon,Flying,600,95,135,80,110,80,100,302.6893
Mega Salamence,410,Dragon,Flying,700,95,145,130,120,90,120,-0.2947
Beldum,411,Steel,Psychic,300,40,55,80,35,60,30,449.7899
Metang,412,Steel,Psychic,420,60,75,100,55,80,50,97.3048
Metagross,413,Steel,Psychic,600,80,135,130,95,90,70,437.0575
Mega Metagross,414,Steel,Psychic,700,80,145,150,105,110,110,4.9214
Regirock,415,Rock,,580,80,100,200,50,100,50,645.7586
Regice,416,Ice,,580,80,50,100,100,200,50,739.8112
Registeel,417,Steel,,580,80,75,150,75,150,50,735.1762
Latias,418,Dragon,Psychic,600,80,80,90,110,130,110,1373.9745
Mega Latias,419,Dragon,Psychic,700,80,100,120,140,150,110,6.5446
Latios,420,Dragon,Psychic,600,80,90,80,130,110,110,1331.8864
Mega Latios,421,Dragon,Psychic,700,80,130,100,160,120,110,8.8705
Kyogre,422,Water,,670,100,100,90,150,140,90,1892.91
Primal Kyogre,423,Water,,770,100,150,90,180,160,90,5.9701
Groudon,424,Ground,,670,100,150,140,100,90,90,1638.6982
Primal Groudon,425,Ground,Fire,770,100,180,160,150,90,90,8.3776
Rayquaza,426,Dragon,Flying,680,105,150,90,150,90,95,3589.0322
Mega Rayquaza,427,Dragon,Flying,780,105,180,100,180,100,115,8.9811
Jirachi,428,Steel,Psychic,600,100,100,100,100,100,100,1680.49
Deoxys Normal Forme,429,Psychic,,600,50,150,50,150,50,150,4.4031
Deoxys Attack Forme,430,Psychic,,600,50,180,20,180,20,150,-5.6711
Deoxys Defense Forme,431,Psychic,,600,50,70,160,70,160,90,25.4372
Deoxys Speed Forme,432,Psychic,,600,50,95,90,95,90,180,15.449
Turtwig,433,Grass,,318,55,68,64,45,55,31,627.7246
Grotle,434,Grass,,405,75,89,85,55,65,36,66.3592
Torterra,435,Grass,Ground,525,95,109,105,75,85,56,210.3708
Chimchar,436,Fire,,309,44,58,44,58,44,61,656.5099
Monferno,437,Fire,Fighting,405,64,78,52,78,52,81,57.7606
Infernape,438,Fire,Fighting,534,76,104,71,104,71,108,202.1055
Piplup,439,Water,,314,53,51,53,61,56,40,1522.3383
Prinplup,440,Water,,405,64,66,68,81,76,50,47.7093
Empoleon,441,Water,Steel,530,84,86,88,111,101,60,234.4219
Starly,442,Normal,Flying,245,40,55,30,30,30,60,337.5109
Staravia,443,Normal,Flying,340,55,75,50,40,40,80,12.3657
Staraptor,444,Normal,Flying,485,85,120,70,50,60,100,100.5157
Bidoof,445,Normal,,250,59,45,40,35,40,31,362.0717
Bibarel,446,Normal,Water,410,79,85,60,55,60,71,43.7992
Kricketot,447,Bug,,194,37,25,41,25,41,25,105.608
Kricketune,448,Bug,,384,77,85,51,55,51,65,39.4221
Shinx,449,Electric,,263,45,65,34,40,34,45,1176.8275
Luxio,450,Electric,,363,60,85,49,60,49,60,558.9812
Luxray,451,Electric,,523,80,120,79,95,79,70,490.7022
Budew,452,Grass,Poison,280,40,30,35,50,70,55,145.0324
Roserade,453,Grass,Poison,515,60,70,65,125,105,90,183.8284
Cranidos,454,Rock,,350,67,125,40,30,30,58,179.8924
Rampardos,455,Rock,,495,97,165,60,65,50,58,65.1926
Shieldon,456,Rock,Steel,350,30,42,118,42,88,30,153.7907
Bastiodon,457,Rock,Steel,495,60,52,168,47,138,30,52.2421
Burmy,458,Bug,,224,40,29,45,29,45,36,144.301
Wormadam Plant Cloak,459,Bug,Grass,424,60,59,85,79,105,36,0
Wormadam Sandy Cloak,460,Bug,Ground,424,60,79,105,59,85,36,0.8553
Wormadam Trash Cloak,461,Bug,Steel,424,60,69,95,69,95,36,2.2807
Mothim,462,Bug,Flying,424,70,94,50,94,50,66,40.0092
Combee,463,Bug,Flying,244,30,30,42,30,42,70,131.0148
Vespiquen,464,Bug,Flying,474,70,80,102,80,102,40,59.9599
Pachirisu,465,Electric,,405,60,45,70,45,90,95,325.6197
Buizel,466,Water,,330,55,65,35,60,30,85,417.264
Floatzel,467,Water,,495,85,105,55,85,50,115,139.1072
Cherubi,468,Grass,,275,45,35,45,62,53,35,105.5404
Cherrim,469,Grass,,450,70,60,70,87,78,85,154.9397
Shellos,470,Water,,325,76,48,48,57,62,34,178.1891
Gastrodon,471,Water,Ground,475,111,83,68,92,82,39,87.5472
Ambipom,472,Normal,,482,75,100,66,60,66,115,71.841
Drifloon,473,Ghost,Flying,348,90,50,34,60,44,70,355.2762
Drifblim,474,Ghost,Flying,498,150,80,44,90,54,80,130.0076
Buneary,475,Normal,,350,55,66,44,44,56,85,513.6175
Lopunny,476,Normal,,480,65,76,84,54,96,105,527.7705
Mega Lopunny,477,Normal,Fighting,580,65,136,94,54,96,135,9.0996
Mismagius,478,Ghost,,495,60,60,60,105,105,105,135.5821
Honchkrow,479,Dark,Flying,505,100,125,52,105,52,71,83.4975
Glameow,480,Normal,,310,49,55,42,42,37,85,157.3016
Purugly,481,Normal,,452,71,82,64,64,59,112,54.5591
Chingling,482,Psychic,,285,45,30,50,65,50,45,89.3753
Stunky,483,Poison,Dark,329,63,63,47,41,41,74,15.2201
Skuntank,484,Poison,Dark,479,103,93,67,71,61,84,29.9818
Bronzor,485,Steel,Psychic,300,57,24,86,24,86,23,205.9564
Bronzong,486,Steel,Psychic,500,67,89,116,79,116,33,69.9259
Bonsly,487,Rock,,290,50,80,95,10,45,10,120.223
Mime Jr.,488,Psychic,Fairy,310,20,25,45,70,90,60,11.2221
Happiny,489,Normal,,220,100,5,5,15,65,30,193.0963
Chatot,490,Normal,Flying,411,76,65,45,92,42,91,196.2614
Spiritomb,491,Ghost,Dark,485,50,92,108,92,108,35,186.9983
Gible,492,Dragon,Ground,300,58,70,45,40,45,42,1789.4462
Gabite,493,Dragon,Ground,410,68,90,65,50,55,82,121.2809
Garchomp,494,Dragon,Ground,600,108,130,95,80,85,102,612.6456
Mega Garchomp,495,Dragon,Ground,700,108,170,115,120,95,92,4.7934
Munchlax,496,Normal,,390,135,85,40,40,85,5,420.1625
Riolu,497,Fighting,,285,40,70,40,35,40,60,1080.1739
Lucario,498,Fighting,Steel,525,70,110,70,115,70,90,2795.903
Mega Lucario,499,Fighting,Steel,625,70,145,88,140,70,112,4.457
Hippopotas,500,Ground,,330,68,72,78,38,42,32,76.7746
Hippowdon,501,Ground,,525,108,112,118,68,72,47,32.1567
Skorupi,502,Poison,Bug,330,40,50,90,30,55,65,100.2399
Drapion,503,Poison,Dark,500,70,90,110,60,75,95,54.3665
Croagunk,504,Poison,Fighting,300,48,61,40,61,40,50,208.2222
Toxicroak,505,Poison,Fighting,490,83,106,65,86,65,85,57.1783
Carnivine,506,Grass,,454,74,100,72,90,72,46,78.3835
Finneon,507,Water,,330,49,49,56,49,61,66,70.4162
Lumineon,508,Water,,460,69,69,76,69,86,91,75.594
Mantyke,509,Water,Flying,345,45,20,50,60,120,50,73.5679
Snover,510,Grass,Ice,334,60,62,50,62,60,40,191.0513
Abomasnow,511,Grass,Ice,494,90,92,75,92,85,60,151.6748
Mega Abomasnow,512,Grass,Ice,594,90,132,105,132,105,30,11.3132
Weavile,513,Dark,Ice,510,70,120,65,45,85,125,343.7423
Magnezone,514,Electric,Steel,535,70,70,115,130,90,60,69.5097
Lickilicky,515,Normal,,515,110,85,95,80,95,50,45.9808
Rhyperior,516,Ground,Rock,535,115,140,130,55,55,40,138.5024
Tangrowth,517,Grass,,535,100,100,125,110,50,50,59.5519
Electivire,518,Electric,,540,75,123,67,95,85,95,99.056
Magmortar,519,Fire,,540,75,95,67,125,95,83,50.6797
Togekiss,520,Fairy,Flying,545,85,50,95,120,115,80,309.3686
Yanmega,521,Bug,Flying,515,86,76,86,116,56,95,56.5221
Leafeon,522,Grass,,525,65,110,130,60,65,95,2422.5878
Glaceon,523,Ice,,525,65,60,110,130,95,65,2882.9482
Gliscor,524,Ground,Flying,510,75,95,125,45,75,95,80.8142
Mamoswine,525,Ice,Ground,530,110,130,80,70,60,80,187.8937
Porygon-Z,526,Normal,,535,85,80,70,135,75,90,1487.7233
Gallade,527,Psychic,Fighting,518,68,125,65,65,115,80,307.1696
Mega Gallade,528,Psychic,Fighting,618,68,165,95,65,115,110,2.797
Probopass,529,Rock,Steel,525,60,55,145,75,150,40,34.1458
Dusknoir,530,Ghost,,525,45,100,135,65,135,45,75.5661
Froslass,531,Ice,Ghost,480,70,80,70,80,70,110,204.8322
Rotom,532,Electric,Ghost,440,50,50,77,95,77,91,319.2638
Rotom Heat Rotom,533,Electric,Fire,520,50,65,107,105,107,86,2.5685
Rotom Wash Rotom,534,Electric,Water,520,50,65,107,105,107,86,7.9557
Rotom Frost Rotom,535,Electric,Ice,520,50,65,107,105,107,86,0.7685
Rotom Fan Rotom,536,Electric,Flying,520,50,65,107,105,107,86,22.1204
Rotom Mow Rotom,537,Electric,Grass,520,50,65,107,105,107,86,2.2982
Uxie,538,Psychic,,580,75,75,130,75,130,95,4941.8562
Mesprit,539,Psychic,,580,80,105,105,105,105,80,5028.3672
Azelf,540,Psychic,,580,75,125,70,125,70,115,4953.0298
Dialga,541,Steel,Dragon,680,100,120,120,150,100,90,1490.1226
Palkia,542,Water,Dragon,680,90,120,100,150,120,100,1221.5069
Heatran,543,Fire,Steel,600,91,90,106,130,106,77,1311.7052
Regigigas,544,Normal,,670,110,160,110,80,110,100,534.053
Giratina Altered Forme,545,Ghost,Dragon,680,150,100,120,100,120,90,14.3536
Giratina Origin Forme,546,Ghost,Dragon,680,150,120,100,120,100,90,16.8842
Cresselia,547,Psychic,,600,120,70,120,75,130,85,1341.2619
Phione,548,Water,,480,80,80,80,80,80,80,71.6977
Manaphy,549,Water,,600,100,100,100,100,100,100,263.6294
Darkrai,550,Dark,,600,70,90,90,135,90,125,2279.3669
Shaymin Land Forme,551,Grass,,600,100,100,100,100,100,100,6.537
Shaymin Sky Forme,552,Grass,Flying,600,100,103,75,120,75,127,10.6761
Arceus,553,Normal,,720,120,120,120,120,120,120,2496.7025
Victini,554,Psychic,Fire,600,100,100,100,100,100,100,603.3099
Snivy,555,Grass,,308,45,45,55,45,55,63,861.8132
Servine,556,Grass,,413,60,60,75,60,75,83,116.9148
Serperior,557,Grass,,528,75,75,95,75,95,113,258.54
Tepig,558,Fire,,308,65,63,45,45,45,45,532.2195
Pignite,559,Fire,Fighting,418,90,93,55,70,55,55,79.3679
Emboar,560,Fire,Fighting,528,110,123,65,100,65,65,90.9853
Oshawott,561,Water,,308,55,55,45,63,45,45,1058.7301
Dewott,562,Water,,413,75,75,60,83,60,60,223.32
Samurott,563,Water,,528,95,100,85,108,70,70,184.549
Patrat,564,Normal,,255,45,55,39,35,39,42,151.9902
Watchog,565,Normal,,420,60,85,69,60,69,77,22.9232
Lillipup,566,Normal,,275,45,60,45,25,45,55,39.0134
Herdier,567,Normal,,370,65,80,65,35,65,60,38.8101
Stoutland,568,Normal,,500,85,110,90,45,90,80,90.9154
Purrloin,569,Dark,,281,41,50,37,50,37,66,86.6384
Liepard,570,Dark,,446,64,88,50,88,50,106,68.4289
Pansage,571,Grass,,316,50,53,48,53,48,64,44.1163
Simisage,572,Grass,,498,75,98,63,98,63,101,17.7791
Pansear,573,Fire,,316,50,53,48,53,48,64,110.9331
Simisear,574,Fire,,498,75,98,63,98,63,101,19.9162
Panpour,575,Water,,316,50,53,48,53,48,64,50.0596
Simipour,576,Water,,498,75,98,63,98,63,101,29.4279
Munna,577,Psychic,,292,76,25,45,67,55,24,2079.9948
Musharna,578,Psychic,,487,116,55,85,107,95,29,64.0877
Pidove,579,Normal,Flying,264,50,55,50,36,30,43,57.8932
Tranquill,580,Normal,Flying,358,62,77,62,50,42,65,99.35
Unfezant,581,Normal,Flying,488,80,115,80,65,55,93,37.679
Blitzle,582,Electric,,295,45,60,32,50,32,76,87.1428
Zebstrika,583,Electric,,497,75,100,63,80,63,116,35.1942
Roggenrola,584,Rock,,280,55,75,85,25,25,15,261.1066
Boldore,585,Rock,,390,70,105,105,50,40,20,43.778
Gigalith,586,Rock,,515,85,135,130,60,80,25,69.2384
Woobat,587,Psychic,Flying,313,55,45,43,55,43,72,150.1222
Swoobat,588,Psychic,Flying,425,67,57,55,77,55,114,62.0778
Drilbur,589,Ground,,328,60,85,40,30,45,68,51.1472
Excadrill,590,Ground,Steel,508,110,135,60,50,65,88,83.699
Audino,591,Normal,,445,103,60,86,60,86,50,275.1568
Mega Audino,592,Normal,Fairy,545,103,60,126,80,126,50,3.5129
Timburr,593,Fighting,,305,75,80,55,25,35,35,280.6637
Gurdurr,594,Fighting,,405,85,105,85,40,50,40,20.8155
Conkeldurr,595,Fighting,,505,105,140,95,55,65,45,47.7703
Tympole,596,Water,,294,50,50,40,50,40,64,43.515
Palpitoad,597,Water,Ground,384,75,65,55,65,55,69,28.4124
Seismitoad,598,Water,Ground,509,105,95,75,85,75,74,33.1462
Throh,599,Fighting,,465,120,100,85,30,85,45,37.6923
Sawk,600,Fighting,,465,75,125,75,30,75,85,92.6717
Sewaddle,601,Bug,Grass,310,45,53,70,40,60,42,68.6798
Swadloon,602,Bug,Grass,380,55,63,90,50,80,42,66.7087
Leavanny,603,Bug,Grass,500,75,103,80,70,80,92,74.8529
Venipede,604,Bug,Poison,260,30,45,59,30,39,57,46.4765
Whirlipede,605,Bug,Poison,360,40,55,99,40,79,47,22.3645
Scolipede,606,Bug,Poison,485,60,100,89,55,69,112,96.2856
Cottonee,607,Grass,Fairy,280,40,27,60,37,50,66,98.1332
Whimsicott,608,Grass,Fairy,480,60,67,85,77,75,116,210.6061
Petilil,609,Grass,,280,45,35,50,70,50,30,78.5847
Lilligant,610,Grass,,480,70,60,75,110,75,90,147.2965
Basculin,611,Water,,460,70,92,65,80,55,98,36.7637
Sandile,612,Ground,Dark,292,50,72,35,35,35,65,236.4461
Krokorok,613,Ground,Dark,351,60,82,45,45,45,74,15.0399
Krookodile,614,Ground,Dark,519,95,117,80,65,70,92,64.3763
Darumaka,615,Fire,,315,70,90,45,15,45,50,293.6074
Darmanitan Standard Mode,616,Fire,,480,105,140,55,30,55,95,0.3182
Darmanitan Zen Mode,617,Fire,Psychic,540,105,30,105,140,105,55,1.6183
Maractus,618,Grass,,461,75,86,67,106,67,60,109.77
Dwebble,619,Bug,Rock,325,50,65,85,35,35,55,135.4839
Crustle,620,Bug,Rock,475,70,95,125,65,75,45,69.5441
Scraggy,621,Dark,Fighting,348,50,75,70,35,70,48,333.7513
Scrafty,622,Dark,Fighting,488,65,90,115,45,115,58,154.6746
Sigilyph,623,Psychic,Flying,490,72,58,80,103,80,97,48.9677
Yamask,624,Ghost,,303,38,30,85,55,65,30,143.1771
Cofagrigus,625,Ghost,,483,58,50,145,95,105,30,48.3052
Tirtouga,626,Water,Rock,355,54,78,103,53,45,22,70.4145
Carracosta,627,Water,Rock,495,74,108,133,83,65,32,25.7408
Archen,628,Rock,Flying,401,55,112,45,74,45,70,116.8909
Archeops,629,Rock,Flying,567,75,140,65,112,65,110,40.2985
Trubbish,630,Poison,,329,50,50,62,40,62,65,201.6237
Garbodor,631,Poison,,474,80,95,82,60,82,75,62.276
Zorua,632,Dark,,330,40,65,40,80,40,65,676.7148
Zoroark,633,Dark,,510,60,105,60,120,60,105,732.9989
Minccino,634,Normal,,300,55,50,40,40,40,75,331.7296
Cinccino,635,Normal,,470,75,95,60,65,60,115,77.9686
Gothita,636,Psychic,,290,45,30,50,55,65,45,74.0991
Gothorita,637,Psychic,,390,60,45,70,75,85,55,52.222
Gothitelle,638,Psychic,,490,70,55,95,95,110,65,63.5814
Solosis,639,Psychic,,290,45,30,40,105,50,20,72.725
Duosion,640,Psychic,,370,65,40,50,125,60,30,31.0975
Reuniclus,641,Psychic,,490,110,65,75,125,85,30,102.7952
Ducklett,642,Water,Flying,305,62,44,50,44,50,55,70.6288
Swanna,643,Water,Flying,473,75,87,63,87,63,98,71.8725
Vanillite,644,Ice,,305,36,50,50,65,60,44,110.2936
Vanillish,645,Ice,,395,51,65,65,80,75,59,33.6094
Vanilluxe,646,Ice,,535,71,95,85,110,95,79,31.6264
Deerling,647,Normal,Grass,335,60,60,50,40,50,75,219.8438
Sawsbuck,648,Normal,Grass,475,80,100,70,60,70,95,104.7754
Emolga,649,Electric,Flying,428,55,75,60,75,60,103,364.4738
Karrablast,650,Bug,,315,50,75,45,40,45,60,43.9534
Escavalier,651,Bug,Steel,495,70,135,105,60,105,20,40.0891
Foongus,652,Grass,Poison,294,69,55,45,55,55,15,47.2215
Amoonguss,653,Grass,Poison,464,114,85,70,85,80,30,30.8758
Frillish,654,Water,Ghost,335,55,40,50,65,85,40,86.7307
Jellicent,655,Water,Ghost,480,100,60,70,85,105,60,53.653
Alomomola,656,Water,,470,165,75,80,40,45,65,105.7611
Joltik,657,Bug,Electric,319,50,47,50,57,50,65,225.4991
Galvantula,658,Bug,Electric,472,70,77,60,97,60,108,323.5542
Ferroseed,659,Grass,Steel,305,44,50,91,24,86,10,143.0438
Ferrothorn,660,Grass,Steel,489,74,94,131,54,116,20,32.6195
Klink,661,Steel,,300,40,55,70,45,60,30,2156.4978
Klang,662,Steel,,440,60,80,95,70,85,50,1905.1486
Klinklang,663,Steel,,520,60,100,115,70,85,90,28.6104
Tynamo,664,Electric,,275,35,55,40,45,40,60,43.7892
Eelektrik,665,Electric,,405,65,85,70,75,70,40,12.2199
Eelektross,666,Electric,,515,85,115,80,105,80,50,266.4075
Elgyem,667,Psychic,,335,55,55,55,85,55,30,60.523
Beheeyem,668,Psychic,,485,75,75,75,125,95,40,13.0705
Litwick,669,Ghost,Fire,275,50,30,55,65,55,20,372.9036
Lampent,670,Ghost,Fire,370,60,40,60,95,60,55,74.6965
Chandelure,671,Ghost,Fire,520,60,55,90,145,90,80,274.0921
Axew,672,Dragon,,320,46,87,60,30,40,57,732.8122
Fraxure,673,Dragon,,410,66,117,70,40,50,67,36.2471
Haxorus,674,Dragon,,540,76,147,90,60,70,97,97.2911
Cubchoo,675,Ice,,305,55,70,40,60,40,40,220.1326
Beartic,676,Ice,,485,95,110,80,70,80,50,43.2858
Cryogonal,677,Ice,,485,70,50,30,95,135,105,49.8176
Shelmet,678,Bug,,305,50,40,85,40,65,25,59.439
Accelgor,679,Bug,,495,80,70,40,100,60,145,32.7548
Stunfisk,680,Ground,Electric,471,109,66,84,81,99,32,158.1711
Mienfoo,681,Fighting,,350,45,85,50,55,50,65,55.6255
Mienshao,682,Fighting,,510,65,125,60,95,60,105,81.4419
Druddigon,683,Dragon,,485,77,120,90,60,90,48,243.2279
Golett,684,Ground,Ghost,303,59,74,50,35,50,35,65.0583
Golurk,685,Ground,Ghost,483,89,124,80,55,80,55,77.3909
Pawniard,686,Dark,Steel,340,45,85,70,40,40,60,51.8516
Bisharp,687,Dark,Steel,490,65,125,100,60,70,70,70.7597
Bouffalant,688,Normal,,490,95,110,95,40,95,55,68.5966
Rufflet,689,Normal,Flying,350,70,83,50,37,50,60,270.7958
Braviary,690,Normal,Flying,510,100,123,75,57,75,80,183.5075
Vullaby,691,Dark,Flying,370,70,55,75,45,65,60,76.0712
Mandibuzz,692,Dark,Flying,510,110,65,105,55,95,80,21.2355
Heatmor,693,Fire,,484,85,97,66,105,66,65,66.5705
Durant,694,Bug,Steel,484,58,109,112,48,48,109,1412.5887
Deino,695,Dark,Dragon,300,52,65,50,45,50,38,370.6374
Zweilous,696,Dark,Dragon,420,72,85,70,65,70,58,59.7012
Hydreigon,697,Dark,Dragon,600,92,105,90,125,90,98,196.908
Larvesta,698,Bug,Fire,360,55,85,55,50,55,60,38.7383
Volcarona,699,Bug,Fire,550,85,60,65,135,105,100,105.8666
Cobalion,700,Steel,Fighting,580,91,90,129,90,72,108,1366.6298
Terrakion,701,Rock,Fighting,580,91,129,90,72,90,108,735.422
Virizion,702,Grass,Fighting,580,91,90,72,90,129,108,615.281
Tornadus Incarnate Forme,703,Flying,,580,79,115,70,125,80,111,3.5387
Tornadus Therian Forme,704,Flying,,580,79,100,80,110,90,121,9.442
Thundurus Incarnate Forme,705,Electric,Flying,580,79,115,70,125,80,111,6.5597
Thundurus Therian Forme,706,Electric,Flying,580,79,105,70,145,80,101,18.6871
Reshiram,707,Dragon,Fire,680,100,120,100,150,120,90,823.2748
Zekrom,708,Dragon,Electric,680,100,150,120,120,100,90,771.0927
Landorus Incarnate Forme,709,Ground,Flying,600,89,125,90,115,80,101,3.8677
Landorus Therian Forme,710,Ground,Flying,600,89,145,90,105,80,91,7.1048
Kyurem,711,Dragon,Ice,660,125,130,90,130,90,95,881.9406
Black Kyurem,712,Dragon,Ice,700,125,170,100,120,90,95,7.59
White Kyurem,713,Dragon,Ice,700,125,120,90,170,100,95,6.4639
Keldeo Ordinary Forme,714,Water,Fighting,580,91,72,90,129,90,108,0
Keldeo Resolute Forme,715,Water,Fighting,580,91,72,90,129,90,108,0
Meloetta Aria Forme,716,Normal,Psychic,600,100,77,77,128,128,90,0
Meloetta Pirouette Forme,717,Normal,Fighting,600,100,128,90,77,77,128,0
Genesect,718,Bug,Steel,600,71,120,95,120,95,99,962.9428
Chespin,719,Grass,,313,56,61,65,48,45,38,372.1377
Quilladin,720,Grass,,405,61,78,95,56,58,57,35.7731
Chesnaught,721,Grass,Fighting,530,88,107,122,74,75,64,94.7198
Fennekin,722,Fire,,307,40,45,40,62,60,60,898.4148
Braixen,723,Fire,,409,59,59,58,90,70,73,1345.7609
Delphox,724,Fire,Psychic,534,75,69,72,114,100,104,558.5296
Froakie,725,Water,,314,41,56,40,62,44,71,574.2155
Frogadier,726,Water,,405,54,63,52,83,56,97,72.8649
Greninja,727,Water,Dark,530,72,95,67,103,71,122,1394.5076
Bunnelby,728,Normal,,237,38,36,38,32,36,57,56.237
Diggersby,729,Normal,Ground,423,85,56,77,50,77,78,197.5691
Fletchling,730,Normal,Flying,278,45,50,43,40,38,62,182.9386
Fletchinder,731,Fire,Flying,382,62,73,55,56,52,84,13.1745
Talonflame,732,Fire,Flying,499,78,81,71,74,69,126,157.0886
Scatterbug,733,Bug,,200,38,35,40,27,25,35,22.5679
Spewpa,734,Bug,,213,45,22,60,27,30,29,20.7984
Vivillon,735,Bug,Flying,411,80,52,50,90,50,89,228.8751
Litleo,736,Fire,Normal,369,62,50,58,73,54,72,85.5973
Pyroar,737,Fire,Normal,507,86,68,72,109,66,106,61.6399
Flabébé,738,Fairy,,303,44,38,39,61,79,42,130.5329
Floette,739,Fairy,,371,54,45,47,75,98,52,48.0809
Florges,740,Fairy,,552,78,65,68,112,154,75,94.1628
Skiddo,741,Grass,,350,66,65,48,62,57,52,109.3722
Gogoat,742,Grass,,531,123,100,62,97,81,68,345.2601
Pancham,743,Fighting,,348,67,82,62,46,48,43,2057.5829
Pangoro,744,Fighting,Dark,495,95,124,78,69,71,58,194.0926
Furfrou,745,Normal,,472,75,80,60,65,90,102,166.2288
Espurr,746,Psychic,,355,62,48,54,63,60,68,416.6755
Meowstic Male,747,Psychic,,466,74,48,76,83,81,104,17.5726
Meowstic Female,748,Psychic,,466,74,48,76,83,81,104,15.7077
Honedge,749,Steel,Ghost,325,45,80,100,35,37,28,98.1817
Doublade,750,Steel,Ghost,448,59,110,150,45,49,35,36.189
Aegislash Blade Forme,751,Steel,Ghost,520,60,150,50,150,50,60,-0.6249
Aegislash Shield Forme,752,Steel,Ghost,520,60,50,150,50,150,60,0.6855
Spritzee,753,Fairy,,341,78,52,60,63,65,23,80.7103
Aromatisse,754,Fairy,,462,101,72,72,99,89,29,49.2739
Swirlix,755,Fairy,,341,62,48,66,59,57,49,91.4421
Slurpuff,756,Fairy,,480,82,80,86,85,75,72,84.654
Inkay,757,Dark,Psychic,288,53,54,53,37,46,45,214.9717
Malamar,758,Dark,Psychic,482,86,92,88,68,75,73,102.0082
Binacle,759,Rock,Water,306,42,52,67,39,56,50,38.0732
Barbaracle,760,Rock,Water,500,72,105,115,54,86,68,13.6304
Skrelp,761,Poison,Water,320,50,60,60,60,60,30,50.2882
Dragalge,762,Poison,Dragon,494,65,75,90,97,123,44,37.6382
Clauncher,763,Water,,330,50,53,62,58,63,44,70.8823
Clawitzer,764,Water,,500,71,73,88,120,89,59,23.0745
Helioptile,765,Electric,Normal,289,44,38,33,61,43,70,85.9994
Heliolisk,766,Electric,Normal,481,62,55,52,109,94,109,280.8558
Tyrunt,767,Rock,Dragon,362,58,89,77,45,45,48,111.0705
Tyrantrum,768,Rock,Dragon,521,82,121,119,69,59,71,111.1198
Amaura,769,Rock,Ice,362,77,59,50,67,63,46,129.4
Aurorus,770,Rock,Ice,521,123,77,72,99,92,58,75.4527
Sylveon,771,Fairy,,525,95,65,65,110,130,60,3875.7721
Hawlucha,772,Fighting,Flying,500,78,92,75,74,63,118,162.2235
Dedenne,773,Electric,Fairy,431,67,58,57,81,67,101,331.3646
Carbink,774,Rock,Fairy,500,50,50,150,50,150,50,56.6236
Goomy,775,Dragon,,300,45,50,35,55,75,40,685.0131
Sliggoo,776,Dragon,,452,68,75,53,83,113,60,48.385
Goodra,777,Dragon,,600,90,100,70,110,150,80,418.4558
Klefki,778,Steel,Fairy,470,57,80,91,80,87,75,122.2915
Phantump,779,Ghost,Grass,309,43,70,48,50,60,38,152.6477
Trevenant,780,Ghost,Grass,474,85,110,76,65,82,56,64.0333
Pumpkaboo Average Size,781,Ghost,Grass,335,49,66,70,44,55,51,2.0095
Pumpkaboo Small Size,782,Ghost,Grass,335,44,66,70,44,55,56,2.3285
Pumpkaboo Large Size,783,Ghost,Grass,335,54,66,70,44,55,46,2.0095
Pumpkaboo Super Size,784,Ghost,Grass,335,59,66,70,44,55,41,5.2701
Gourgeist Average Size,785,Ghost,Grass,494,65,90,122,58,75,84,0
Gourgeist Small Size,786,Ghost,Grass,494,55,85,122,58,75,99,0
Gourgeist Large Size,787,Ghost,Grass,494,75,95,122,58,75,69,0
Gourgeist Super Size,788,Ghost,Grass,494,85,100,122,58,75,54,0.8442
Bergmite,789,Ice,,304,55,69,85,32,35,28,47.5536
Avalugg,790,Ice,,514,95,117,184,44,46,28,34.2965
Noibat,791,Flying,Dragon,245,40,30,35,45,40,55,270.3002
Noivern,792,Flying,Dragon,535,85,70,80,97,80,123,221.7578
Xerneas,793,Fairy,,680,126,131,95,131,98,99,692.6154
Yveltal,794,Dark,Flying,680,126,131,95,131,98,99,624.6486
Zygarde 50% Forme,795,Dragon,Ground,600,108,100,121,81,95,95,0.1779
Diancie,796,Rock,Fairy,600,50,100,150,100,150,50,504.7939
Mega Diancie,797,Rock,Fairy,700,50,160,110,160,110,110,1.8978
Hoopa Hoopa Confined,798,Psychic,Ghost,600,80,110,60,150,130,70,5.5206
Hoopa Hoopa Unbound,799,Psychic,Dark,680,80,160,60,170,130,80,15.4192
Volcanion,800,Fire,Water,600,80,110,120,130,90,70,299.6532
